{
  "1000.0": {
    "exp+1": 0.1323419213294983,
    "exp+2": 0.1808996945619583,
    "exp-1": 0.0654861330986023,
    "exp-2": 0.04856109619140625,
    "exp0": 0.0927734375
  },
  "1100.0": {
    "exp+1": 0.08639216423034668,
    "exp+2": 0.12022557109594345,
    "exp-1": 0.04233133792877197,
    "exp-2": 0.03096771240234375,
    "exp0": 0.06005859375
  },
  "1200.0": {
    "exp+1": 0.05326204374432564,
    "exp+2": 0.0750485509634018,
    "exp-1": 0.025637447834014893,
    "exp-2": 0.018596649169921875,
    "exp0": 0.03662109375
  },
  "1500.0": {
    "exp+1": 0.015812568366527557,
    "exp+2": 0.022055843845009804,
    "exp-1": 0.007550239562988281,
    "exp-2": 0.0054473876953125,
    "exp0": 0.01025390625
  },
  "600.0": {
    "exp+1": 1.4366703033447266,
    "exp+2": 1.9077941179275513,
    "exp-1": 0.7521533966064453,
    "exp-2": 0.5682373046875,
    "exp0": 1.0390625
  },
  "700.0": {
    "exp+1": 0.6554069519042969,
    "exp+2": 0.8661457896232605,
    "exp-1": 0.341019868850708,
    "exp-2": 0.2566375732421875,
    "exp0": 0.47265625
  },
  "800.0": {
    "exp+1": 0.32736238837242126,
    "exp+2": 0.4393843114376068,
    "exp-1": 0.16643741726875305,
    "exp-2": 0.12490463256835938,
    "exp0": 0.2333984375
  },
  "900.0": {
    "exp+1": 0.20086669921875,
    "exp+2": 0.2717577815055847,
    "exp-1": 0.10063529014587402,
    "exp-2": 0.075225830078125,
    "exp0": 0.1416015625
  }
}