{
  "1000.0": {
    "obs": 15.165146375175198
  },
  "1100.0": {
    "obs": 20.415128729248643
  },
  "1200.0": {
    "obs": 27.82252458890939
  },
  "1500.0": {
    "obs": 57.95588892185937
  },
  "600.0": {
    "obs": 1.7869796809180978
  },
  "700.0": {
    "obs": 3.803758905566995
  },
  "800.0": {
    "obs": 7.1832684452687765
  },
  "900.0": {
    "obs": 10.969172437275516
  }
}