{
  "1000.0": {
    "exp+1": 0.14808149635791779,
    "exp+2": 0.20089693367481232,
    "exp-1": 0.07499337196350098,
    "exp-2": 0.0557708740234375,
    "exp0": 0.10498046875
  },
  "1100.0": {
    "exp+1": 0.1098209023475647,
    "exp+2": 0.14977067708969116,
    "exp-1": 0.05517590045928955,
    "exp-2": 0.0412445068359375,
    "exp0": 0.07763671875
  },
  "1200.0": {
    "exp+1": 0.07456686347723007,
    "exp+2": 0.10347937047481537,
    "exp-1": 0.0363805890083313,
    "exp-2": 0.026836395263671875,
    "exp0": 0.05126953125
  },
  "1500.0": {
    "exp+1": 0.02285967767238617,
    "exp+2": 0.03263404592871666,
    "exp-1": 0.011145591735839844,
    "exp-2": 0.0080413818359375,
    "exp0": 0.01513671875
  },
  "600.0": {
    "exp+1": 1.5003944635391235,
    "exp+2": 1.9968132972717285,
    "exp-1": 0.780681848526001,
    "exp-2": 0.5875091552734375,
    "exp0": 1.08203125
  },
  "800.0": {
    "exp+1": 0.35612645745277405,
    "exp+2": 0.4779913127422333,
    "exp-1": 0.18167376518249512,
    "exp-2": 0.136871337890625,
    "exp0": 0.25390625
  },
  "900.0": {
    "exp+1": 0.2301124781370163,
    "exp+2": 0.3099058270454407,
    "exp-1": 0.11738920211791992,
    "exp-2": 0.08843994140625,
    "exp0": 0.1640625
  }
}