{
  "1000.0": {
    "exp+1": 0.11697164922952652,
    "exp+2": 0.16148731112480164,
    "exp-1": 0.05736227333545685,
    "exp-2": 0.04236412048339844,
    "exp0": 0.08154296875
  },
  "1100.0": {
    "exp+1": 0.07936841249465942,
    "exp+2": 0.1107964962720871,
    "exp-1": 0.03862708806991577,
    "exp-2": 0.028018951416015625,
    "exp0": 0.05517578125
  },
  "1200.0": {
    "exp+1": 0.05042140185832977,
    "exp+2": 0.07061628252267838,
    "exp-1": 0.02400350570678711,
    "exp-2": 0.017604827880859375,
    "exp0": 0.03466796875
  },
  "1500.0": {
    "exp+1": 0.015158607624471188,
    "exp+2": 0.02191789820790291,
    "exp-1": 0.006949424743652344,
    "exp-2": 0.0054473876953125,
    "exp0": 0.01025390625
  },
  "600.0": {
    "exp+1": 0.9154031276702881,
    "exp+2": 1.21827232837677,
    "exp-1": 0.4763004779815674,
    "exp-2": 0.3584442138671875,
    "exp0": 0.66015625
  },
  "800.0": {
    "exp+1": 0.28433722257614136,
    "exp+2": 0.3837053179740906,
    "exp-1": 0.1441529095172882,
    "exp-2": 0.10818099975585938,
    "exp0": 0.2021484375
  },
  "900.0": {
    "exp+1": 0.18701381981372833,
    "exp+2": 0.2530158460140228,
    "exp-1": 0.09369492530822754,
    "exp-2": 0.070037841796875,
    "exp0": 0.1318359375
  }
}