{
  "1000.0": {
    "obs": 16.629545845449673
  },
  "1100.0": {
    "obs": 21.57314840448612
  },
  "1200.0": {
    "obs": 28.735964293945493
  },
  "1500.0": {
    "obs": 58.942768122354444
  },
  "600.0": {
    "obs": 2.798633232704346
  },
  "800.0": {
    "obs": 8.145100211283319
  },
  "900.0": {
    "obs": 11.65249948869197
  }
}