{
  "1100.0": {
    "exp+1": 0.18267719447612762,
    "exp+2": 0.2500573396682739,
    "exp-1": 0.09165573865175247,
    "exp-2": 0.06395816802978516,
    "exp0": 0.12841796875
  },
  "1200.0": {
    "exp+1": 0.18318907916545868,
    "exp+2": 0.2520228922367096,
    "exp-1": 0.0909561961889267,
    "exp-2": 0.06772041320800781,
    "exp0": 0.12841796875
  },
  "1500.0": {
    "exp+1": 0.02863779105246067,
    "exp+2": 0.04047543182969093,
    "exp-1": 0.01345062255859375,
    "exp-2": 0.010009765625,
    "exp0": 0.02001953125
  }
}