{
  "1100.0": {
    "obs": 10.548455674513635
  },
  "1200.0": {
    "obs": 9.95275287083924
  },
  "1500.0": {
    "obs": 35.51221258958197
  }
}