{
  "1000.0": {
    "exp+1": 0.12431167811155319,
    "exp+2": 0.16662681102752686,
    "exp-1": 0.0633443295955658,
    "exp-2": 0.04729652404785156,
    "exp0": 0.08837890625
  },
  "1100.0": {
    "exp+1": 0.09531625360250473,
    "exp+2": 0.12913350760936737,
    "exp-1": 0.04813528060913086,
    "exp-2": 0.035797119140625,
    "exp0": 0.0673828125
  },
  "1200.0": {
    "exp+1": 0.06672565639019012,
    "exp+2": 0.0922764465212822,
    "exp-1": 0.03269493579864502,
    "exp-2": 0.02391815185546875,
    "exp0": 0.04638671875
  },
  "1500.0": {
    "exp+1": 0.02237699180841446,
    "exp+2": 0.032354991883039474,
    "exp-1": 0.010258674621582031,
    "exp-2": 0.0080413818359375,
    "exp0": 0.01513671875
  },
  "600.0": {
    "exp+1": 1.3129023313522339,
    "exp+2": 1.7548308372497559,
    "exp-1": 0.6769804954528809,
    "exp-2": 0.507476806640625,
    "exp0": 0.94140625
  },
  "700.0": {
    "exp+1": 0.582283079624176,
    "exp+2": 0.7749366164207458,
    "exp-1": 0.3029721975326538,
    "exp-2": 0.22800445556640625,
    "exp0": 0.419921875
  },
  "800.0": {
    "exp+1": 0.2982630729675293,
    "exp+2": 0.3972843885421753,
    "exp-1": 0.15379536151885986,
    "exp-2": 0.11528778076171875,
    "exp0": 0.2138671875
  },
  "900.0": {
    "exp+1": 0.18354208767414093,
    "exp+2": 0.24634936451911926,
    "exp-1": 0.09410309791564941,
    "exp-2": 0.0705413818359375,
    "exp0": 0.130859375
  }
}