{
  "1100.0": {
    "exp+1": 0.09958378225564957,
    "exp+2": 0.137746661901474,
    "exp-1": 0.04859760403633118,
    "exp-2": 0.036037445068359375,
    "exp0": 0.06884765625
  },
  "1200.0": {
    "exp+1": 0.062461286783218384,
    "exp+2": 0.08721903711557388,
    "exp-1": 0.029941678047180176,
    "exp-2": 0.02190399169921875,
    "exp0": 0.04248046875
  },
  "1500.0": {
    "exp+1": 0.017318526282906532,
    "exp+2": 0.023893404752016068,
    "exp-1": 0.008269309997558594,
    "exp-2": 0.0059661865234375,
    "exp0": 0.01123046875
  },
  "800.0": {
    "exp+1": 0.5768664479255676,
    "exp+2": 0.7677278518676758,
    "exp-1": 0.2991635799407959,
    "exp-2": 0.2242584228515625,
    "exp0": 0.416015625
  }
}