{
  "1100.0": {
    "obs": 18.55052941662396
  },
  "1200.0": {
    "obs": 25.32145250353195
  },
  "1500.0": {
    "obs": 55.387250118184205
  },
  "800.0": {
    "obs": 4.303310234148924
  }
}