{
  "1100.0": {
    "exp+1": 0.10735978931188583,
    "exp+2": 0.14620909094810486,
    "exp-1": 0.05360536277294159,
    "exp-2": 0.03991127014160156,
    "exp0": 0.07568359375
  },
  "1200.0": {
    "exp+1": 0.07796366512775421,
    "exp+2": 0.10815700143575668,
    "exp-1": 0.03845947980880737,
    "exp-2": 0.028369903564453125,
    "exp0": 0.05419921875
  },
  "1500.0": {
    "exp+1": 0.024334494024515152,
    "exp+2": 0.03473946824669838,
    "exp-1": 0.011723041534423828,
    "exp-2": 0.00830841064453125,
    "exp0": 0.01611328125
  },
  "800.0": {
    "exp+1": 0.5379630923271179,
    "exp+2": 0.7190437316894531,
    "exp-1": 0.2773934602737427,
    "exp-2": 0.20793914794921875,
    "exp0": 0.3857421875
  }
}