{
  "1100.0": {
    "obs": 15.74115258579624
  },
  "1200.0": {
    "obs": 19.948846668771566
  },
  "1500.0": {
    "obs": 42.59535115943566
  },
  "800.0": {
    "obs": 3.892555354210454
  }
}