{
  "1000.0": {
    "exp+1": 0.4602828621864319,
    "exp+2": 0.6144003868103027,
    "exp-1": 0.2374456524848938,
    "exp-2": 0.17869186401367188,
    "exp0": 0.3291015625
  },
  "1100.0": {
    "exp+1": 0.18267719447612762,
    "exp+2": 0.2500573396682739,
    "exp-1": 0.09165573865175247,
    "exp-2": 0.06395816802978516,
    "exp0": 0.12841796875
  },
  "1200.0": {
    "exp+1": 0.10716564208269119,
    "exp+2": 0.1479494571685791,
    "exp-1": 0.05291368067264557,
    "exp-2": 0.03939628601074219,
    "exp0": 0.07470703125
  },
  "1500.0": {
    "exp+1": 0.026996076107025146,
    "exp+2": 0.037910617887973785,
    "exp-1": 0.012870550155639648,
    "exp-2": 0.00931549072265625,
    "exp0": 0.01806640625
  }
}