{
  "1000.0": {
    "obs": 4.4557632691119675
  },
  "1100.0": {
    "obs": 10.548455671204746
  },
  "1200.0": {
    "obs": 16.675621570261164
  },
  "1500.0": {
    "obs": 36.98786136989146
  }
}